{
  "steps": [
    400,
    600,
    600,
    800,
    1000,
    1200,
    1100,
    1300
  ],
  "rewards": [
    -1.1000000000000008,
    -1.1000000000000008,
    -0.8166666666666677,
    -0.675000000000001,
    -0.8600000000000012,
    -0.9000000000000012,
    -0.9357142857142869,
    -0.9625000000000012
  ],
  "success_rates": [
    0.0,
    0.0,
    0.0,
    0.0,
    0.0,
    0.0,
    0.0,
    0.0
  ],
  "episode_lengths": [
    200.0,
    200.0,
    200.0,
    200.0,
    220.0,
    216.66666666666666,
    214.28571428571428,
    212.5
  ],
  "state_coverage": [
    0.2835820895522388,
    0.2835820895522388,
    0.5373134328358209,
    0.5373134328358209,
    0.2835820895522388,
    0.2835820895522388,
    0.26865671641791045,
    0.26865671641791045
  ],
  "unique_states": [
    19,
    19,
    40,
    40,
    46,
    46,
    46,
    46
  ],
  "wall_time": []
}