{
  "steps": [
    400,
    600,
    600,
    800,
    1000,
    1200,
    1100,
    1300
  ],
  "rewards": [
    -0.7000000000000011,
    -0.7000000000000011,
    -0.7166666666666677,
    -0.725000000000001,
    -0.740000000000001,
    -0.7333333333333343,
    -0.6928571428571437,
    -0.6625000000000009
  ],
  "success_rates": [
    0.0,
    0.0,
    0.0,
    0.0,
    0.0,
    0.0,
    0.0,
    0.0
  ],
  "episode_lengths": [
    200.0,
    200.0,
    200.0,
    200.0,
    220.0,
    216.66666666666666,
    214.28571428571428,
    212.5
  ],
  "state_coverage": [
    0.391304347826087,
    0.391304347826087,
    0.37681159420289856,
    0.37681159420289856,
    0.391304347826087,
    0.391304347826087,
    0.463768115942029,
    0.463768115942029
  ],
  "unique_states": [
    27,
    27,
    36,
    36,
    44,
    44,
    53,
    53
  ],
  "wall_time": []
}