{"agent": "StandardDQN", "episodes": [10, 20, 30, 40, 50, 60, 70, 80, 90, 100], "rewards": [2.377000000000006, 4.022000000000003, 4.020000000000003, 4.020000000000003, 4.020000000000003, -0.9820000000000005, 4.022000000000003, -0.9820000000000005, 4.020000000000003, 4.022000000000003], "success_rates": [0.0, 0.0, 0.0, 0.0, 0.0, 0.0, 0.0, 0.0, 0.0, 0.0], "keys": [0.0, 0.0, 0.0, 0.0, 0.0, 0.0, 0.0, 0.0, 0.0, 0.0], "doors": [0.0, 0.0, 0.0, 0.0, 0.0, 0.0, 0.0, 0.0, 0.0, 0.0], "coverages": [0.18518518518518515, 0.11111111111111113, 0.14814814814814814, 0.14814814814814814, 0.18518518518518515, 0.037037037037037035, 0.18518518518518515, 0.037037037037037035, 0.14814814814814814, 0.14814814814814814], "color": "blue", "training_time": 450.7005696296692}