{
  "episode_rewards": [
    -0.7000000000000011,
    -0.7000000000000011,
    -0.750000000000001,
    -0.750000000000001,
    -0.800000000000001,
    -0.700000000000001,
    -0.4500000000000004,
    -0.4500000000000004
  ],
  "env_steps": [],
  "reward_by_steps": [],
  "success_by_steps": [],
  "sliding_window_rewards": [],
  "window_step_indices": [],
  "episode_steps": [
    200,
    200,
    200,
    200,
    300,
    200,
    200,
    200
  ],
  "episode_success": [
    0.0,
    0.0,
    0.0,
    0.0,
    0.0,
    0.0,
    0.0,
    0.0
  ],
  "episodes_completed": 12,
  "total_steps": 1000,
  "step_milestones": [],
  "milestone_returns": [],
  "wall_time": [
    [
      1000,
      9.013166904449463
    ]
  ]
}